"Column1","Site","Period","BoneID","IsotopeSampleNumber","Species","Side","dP2","dP3","dP4","P2","P3","P4","M1","M2","M3","Zeder_Group","Payne.Group"
138,"Benkovac-Barice","MN","BB.A1..SJ49.209","","OA","R",NA,NA,NA,NA,NA,20,18,17,15,"VII","F"
139,"Benkovac-Barice","MN","BB.A2..SJ27.208","","OA","R",NA,NA,NA,NA,NA,20,NA,NA,NA,"VII, VIII, IX","G"
77,"Benkovac-Barice","MN","BB.A2..SJ6.146","","CA","L",7,9,12,NA,NA,NA,NA,NA,NA,"I","A"
78,"Benkovac-Barice","MN","BB.A2..SJ6.147","","OA","L",NA,NA,NA,NA,NA,20,NA,NA,NA,"VII, VIII, IX","G"
79,"Benkovac-Barice","MN","BB.A2..SJ6.148","","CA","R",NA,NA,NA,NA,NA,17,17,NA,NA,"VI","E"
80,"Benkovac-Barice","MN","BB.A2..SJ6.149","","CA","L",NA,NA,NA,NA,NA,19,25,NA,NA,"IX","G"
211,"Benkovac-Barice","MN","BB.A2..SJ6.327","","CA","L",NA,NA,NA,NA,NA,NA,11,7,NA,"IV","D"
82,"Benkovac-Barice","MN","BB.A3..SJ21.151","","OA","L",NA,NA,1,NA,NA,NA,NA,NA,NA,"",""
136,"Benkovac-Barice","MN","BB.B1..SJ12.206","","OC","R",NA,NA,NA,NA,NA,NA,NA,17,15,"VI","E"
137,"Benkovac-Barice","MN","BB.B1..SJ12.207","","CA","R",NA,NA,NA,NA,NA,20,20,17,NA,"VIII","G"
64,"Benkovac-Barice","MN","BB.B1..SJ49.133","","OC","L",NA,NA,17,NA,1,NA,14,NA,NA,"IV","D"
65,"Benkovac-Barice","MN","BB.B1..SJ49.134","","OA","L",NA,NA,NA,NA,NA,23,20,17,17,"IX","G"
66,"Benkovac-Barice","MN","BB.B1..SJ49.135","BB135","OA","L",NA,NA,NA,NA,NA,NA,17,17,NA,"VI, VII","E, F"
67,"Benkovac-Barice","MN","BB.B1..SJ49.136","BB136","OA","R",NA,NA,NA,NA,NA,14,17,16,NA,"V","D"
68,"Benkovac-Barice","MN","BB.B1..SJ49.137","","OC","R",NA,NA,NA,NA,NA,NA,NA,NA,9,"V, VI","D, E"
85,"Benkovac-Barice","MN","BB.B1..SJ49.154","BB154","OC","L",NA,NA,NA,NA,NA,NA,17,17,NA,"VI, VII","E, F"
73,"Benkovac-Barice","MN","BB.B1..SJ6.142","","OA","L",NA,13,15,NA,NA,NA,NA,NA,NA,"II","B"
74,"Benkovac-Barice","MN","BB.B1..SJ6.143","","OC","R",16,18,NA,NA,NA,NA,NA,NA,NA,"IV","D"
75,"Benkovac-Barice","MN","BB.B1..SJ6.144","","OA","L",NA,NA,NA,NA,NA,NA,NA,NA,NA,"",""
76,"Benkovac-Barice","MN","BB.B1..SJ6.145","","OC","L",NA,18,13,NA,NA,NA,NA,NA,NA,"II","B"
111,"Benkovac-Barice","MN","BB.B1..SJ6.181","","OC","R",NA,NA,NA,NA,NA,NA,NA,NA,NA,"",""
112,"Benkovac-Barice","MN","BB.B1..SJ6.182","BB182","CA","L",NA,NA,NA,4,NA,20,17,16,1,"VII","F"
113,"Benkovac-Barice","MN","BB.B1..SJ6.183","","OC","L",NA,NA,NA,NA,NA,20,NA,NA,NA,"VII, VIII, IX","F, G"
114,"Benkovac-Barice","MN","BB.B1..SJ6.184","","OC","L",NA,NA,NA,NA,NA,NA,22,17,17,"IX","G"
115,"Benkovac-Barice","MN","BB.B1..SJ6.185","","OC","L",NA,NA,NA,NA,NA,NA,17,1,16,"VI, VII","E, F"
116,"Benkovac-Barice","MN","BB.B1..SJ6.186","","CA","L",NA,NA,NA,NA,NA,20,25,17,NA,"IX","G"
117,"Benkovac-Barice","MN","BB.B1..SJ6.187","","OC","R",NA,NA,NA,NA,NA,14,17,16,NA,"V","D"
118,"Benkovac-Barice","MN","BB.B1..SJ6.188","","OC","R",NA,NA,NA,NA,NA,17,11,NA,NA,"VI, VII, VIII","E, F, G"
120,"Benkovac-Barice","MN","BB.B2..SJ26.190","","OC","L",NA,NA,NA,NA,NA,17,NA,1,NA,"VI, VII, VIII","E, F, G"
121,"Benkovac-Barice","MN","BB.B2..SJ26.191","","CA","R",NA,NA,NA,1,NA,18,NA,NA,NA,"VI","E"
122,"Benkovac-Barice","MN","BB.B2..SJ26.192","","OA","R",NA,NA,NA,NA,NA,20,19,NA,NA,"VIII","G"
69,"Benkovac-Barice","MN","BB.B2..SJ49.138","","OC","L",NA,NA,NA,NA,NA,16,18,17,NA,"VII","F"
70,"Benkovac-Barice","MN","BB.B2..SJ49.139","","OC","R",NA,NA,NA,NA,NA,20,NA,17,17,"VII, VIII, IX","F, G"
91,"Benkovac-Barice","MN","BB.B2..SJ49.160","","OC","L",NA,NA,NA,NA,NA,NA,1,17,NA,"VI, VII, VIII, IX","E, F, G"
92,"Benkovac-Barice","MN","BB.B2..SJ49.161","","OC","L",NA,NA,NA,NA,NA,NA,17,16,NA,"V, VI","D, E"
93,"Benkovac-Barice","MN","BB.B2..SJ49.162","","OC","R",1,20,17,NA,NA,NA,NA,NA,NA,"II","B"
94,"Benkovac-Barice","MN","BB.B2..SJ49.163","","CA","R",NA,20,20,NA,NA,NA,16,5,NA,"IV","D"
95,"Benkovac-Barice","MN","BB.B2..SJ49.164","","OC","L",NA,NA,NA,1,1,1,1,NA,NA,"",""
96,"Benkovac-Barice","MN","BB.B2..SJ49.165","","CA","L",NA,NA,NA,NA,NA,25,22,17,NA,"X","H"
97,"Benkovac-Barice","MN","BB.B2..SJ49.166","","OC","R",NA,NA,20,NA,NA,NA,14,NA,NA,"IV","D"
84,"Benkovac-Barice","MN","BB.B2..SJ6.153","","OA","R",NA,NA,17,NA,NA,NA,5,NA,NA,"II","B"
101,"Benkovac-Barice","MN","BB.B3..SJ13.170","","OA","L",NA,NA,NA,NA,NA,16,20,17,17,"VIII","G"
98,"Benkovac-Barice","MN","BB.B3..SJ49.167","","CA","R",NA,16,13,NA,NA,NA,NA,NA,NA,"II","B"
99,"Benkovac-Barice","MN","BB.B3..SJ49.168","BB168","OA","R",NA,25,25,NA,NA,NA,17,16,NA,"IV","D"
100,"Benkovac-Barice","MN","BB.B3..SJ49.169","","CA","L",1,13,12,NA,NA,NA,NA,NA,NA,"II","B"
83,"Benkovac-Barice","MN","BB.B3..SJ6.152","","OA","L",NA,NA,20,NA,NA,NA,18,NA,NA,"IV","D"
86,"Benkovac-Barice","MN","BB.C1..SJ13.155","","OC","R",NA,NA,NA,NA,NA,NA,16,9,NA,"IV","D"
87,"Benkovac-Barice","MN","BB.C1..SJ13.156","","OC","R",NA,NA,19,NA,NA,NA,NA,NA,NA,"III, IV","C, D"
88,"Benkovac-Barice","MN","BB.C1..SJ13.157","","CA","L",NA,NA,NA,3,7,10,NA,NA,NA,"V","D"
89,"Benkovac-Barice","MN","BB.C1..SJ13.158","","CA","R",NA,NA,NA,NA,NA,NA,17,17,7,"IV","D"
90,"Benkovac-Barice","MN","BB.C1..SJ13.159","","OC","R",NA,NA,NA,NA,NA,1,17,13,NA,"V","D"
81,"Benkovac-Barice","MN","BB.C1..SJ2.150","","OC","L",NA,NA,NA,NA,NA,NA,17,17,NA,"VI, VII","E, F"
119,"Benkovac-Barice","MN","BB.C1..SJ49.189","","OC","R",NA,NA,NA,NA,NA,NA,NA,19,17,"X","H"
123,"Benkovac-Barice","MN","BB.C1..SJ49.193","","OC","L",NA,NA,1,NA,1,NA,NA,14,NA,"V","D"
124,"Benkovac-Barice","MN","BB.C1..SJ49.194","","OA","R",NA,NA,NA,NA,NA,20,22,17,NA,"IX","G"
125,"Benkovac-Barice","MN","BB.C1..SJ49.195","","OC","R",NA,NA,20,NA,NA,NA,14,NA,NA,"IV","D"
105,"Benkovac-Barice","MN","BB.C1..SJ51.175","","OC","L",NA,1,17,1,NA,NA,1,NA,NA,"II, III, IV","B, C, D"
106,"Benkovac-Barice","MN","BB.C1..SJ51.176","","OC","R",NA,NA,19,NA,NA,NA,14,10,NA,"IV","D"
135,"Benkovac-Barice","MN","BB.C1.PODNICA_2A.SJ35.205","","OC","R",NA,NA,NA,NA,NA,NA,17,17,16,"VI","E"
133,"Benkovac-Barice","MN","BB.C1.ZEMLJA_POD_2A_3A.SJ49.203","","OA","R",NA,NA,NA,NA,NA,20,NA,NA,NA,"VII, VIII, IX","G"
134,"Benkovac-Barice","MN","BB.C1.ZEMLJA_POD_2A_3A.SJ49.204","","OC","R",NA,NA,NA,NA,NA,NA,NA,17,10,"VI","E"
71,"Benkovac-Barice","MN","BB.C2..SJ13.140","","OA","L",NA,NA,NA,NA,NA,20,NA,NA,NA,"VII, VIII, IX","G"
102,"Benkovac-Barice","MN","BB.C2..SJ26.172","","OC","R",NA,NA,NA,NA,NA,NA,NA,NA,NA,"",""
103,"Benkovac-Barice","MN","BB.C2..SJ26.173","","OA","L",NA,NA,NA,NA,NA,20,NA,NA,NA,"VII, VIII, IX","G"
104,"Benkovac-Barice","MN","BB.C2..SJ26.174","","OC","R",NA,17,NA,NA,NA,NA,NA,4,NA,"II","B"
107,"Benkovac-Barice","MN","BB.C2..SJ49.177","","OC","L",NA,NA,NA,NA,NA,NA,20,17,17,"VIII","G"
108,"Benkovac-Barice","MN","BB.C2..SJ49.178","","OC","L",NA,NA,20,NA,NA,NA,16,NA,NA,"IV","D"
109,"Benkovac-Barice","MN","BB.C2..SJ49.179","","OA","L",16,18,19,NA,NA,NA,NA,NA,NA,"III","C"
110,"Benkovac-Barice","MN","BB.C2..SJ49.180","BB180","OC","L",NA,NA,NA,NA,NA,NA,17,17,NA,"VI, VII","E, F"
126,"Benkovac-Barice","MN","BB.C2..SJ6.196","","OC","L",NA,NA,NA,NA,NA,NA,17,11,NA,"IV","D"
127,"Benkovac-Barice","MN","BB.C2..SJ6.197","","OC","L",NA,NA,NA,NA,NA,NA,NA,16,1,"V, VI","D, E"
128,"Benkovac-Barice","MN","BB.C2..SJ6.198","","OA","R",NA,20,17,NA,NA,NA,14,NA,NA,"IV","D"
129,"Benkovac-Barice","MN","BB.C2..SJ6.199","","OA","R",NA,NA,NA,NA,NA,20,NA,NA,NA,"VII, VIII, IX","G"
130,"Benkovac-Barice","MN","BB.C2..SJ6.200","","OC","R",NA,20,19,NA,NA,NA,NA,NA,NA,"IV","D"
131,"Benkovac-Barice","MN","BB.C2..SJ6.201","","CA","L",NA,NA,NA,NA,NA,20,22,17,16,"IX","G"
72,"Benkovac-Barice","MN","BB.C3..SJ2.141","","CA","L",NA,NA,NA,NA,NA,20,NA,NA,NA,"VII, VIII, IX","F, G, H"
132,"Benkovac-Barice","MN","BB.IZBACENA_ZEMLJA..SJ6.202","","OC","R",NA,NA,NA,NA,NA,NA,NA,17,16,"VI","E"
184,"Crno Vrilo","EN","CV.A.Ia.2.289","","OA","L",NA,NA,NA,NA,NA,20,19,17,NA,"VIII","G"
23,"Crno Vrilo","EN","CV.A.IIa.zdravica.61","","OA","R",NA,NA,NA,1,NA,20,25,17,NA,"IX","G"
24,"Crno Vrilo","EN","CV.A.IIa.zdravica.62","CV28","OA","R",NA,NA,NA,NA,1,16,17,17,NA,"VII","F"
25,"Crno Vrilo","EN","CV.A.IIa.zdravica.63","","CA","R",NA,NA,NA,NA,NA,20,17,16,NA,"VII","F"
14,"Crno Vrilo","EN","CV.A.IIIb.2.52","CV21","CA","L",NA,NA,NA,NA,NA,20,19,16,NA,"VIII","G"
15,"Crno Vrilo","EN","CV.A.IIIb.2.53","CV22","OA","R",NA,NA,NA,NA,NA,25,26,18,17,"X","H"
16,"Crno Vrilo","EN","CV.A.IIIb.2.54","CV23","OA","R",NA,NA,NA,NA,NA,20,NA,16,NA,"VII","F"
17,"Crno Vrilo","EN","CV.A.IIIb.2.55","CV24","OA","R",NA,NA,NA,NA,NA,20,20,17,17,"VIII","G"
179,"Crno Vrilo","EN","CV.C.I.1.284","","CA","L",NA,NA,NA,NA,NA,16,17,17,11,"VII","F"
180,"Crno Vrilo","EN","CV.C.I.1.285","","CA","R",NA,NA,NA,NA,NA,19,17,17,NA,"VII","F"
181,"Crno Vrilo","EN","CV.C.I.1.286","","CA","R",NA,NA,NA,NA,NA,16,17,17,NA,"V","D"
6,"Crno Vrilo","EN","CV.C.I.1.44","CV18","OA","L",NA,NA,18,NA,NA,NA,16,5,NA,"IV","D"
7,"Crno Vrilo","EN","CV.C.I.1.45","CV19","OA","L",NA,NA,NA,NA,NA,20,17,17,NA,"VII","F"
8,"Crno Vrilo","EN","CV.C.I.1.46","CV20","CA","L",NA,NA,19,NA,NA,NA,17,14,NA,"IV","D"
9,"Crno Vrilo","EN","CV.C.I.1.47","","CA","L",NA,NA,NA,NA,NA,17,17,NA,NA,"VI","E"
182,"Crno Vrilo","EN","CV.C.II.zdravica.287","","OA","L",NA,NA,NA,NA,NA,18,17,17,14,"VII","F"
183,"Crno Vrilo","EN","CV.C.II.zdravica.288","","CA","L",NA,NA,NA,NA,NA,10,17,13,9,"V","D"
185,"Crno Vrilo","EN","CV.C.IIa.1.290","","CA","L",NA,NA,NA,NA,NA,17,18,17,17,"VII","F"
22,"Crno Vrilo","EN","CV.C.III.1.60","","OA","R",NA,NA,NA,NA,NA,16,18,17,NA,"VII","F"
18,"Crno Vrilo","EN","CV.C.IV.zdravica.56","","CA","R",NA,NA,NA,NA,NA,20,17,17,NA,"VII","F"
20,"Crno Vrilo","EN","CV.C.IV.zdravica.58","CV26","OA","R",NA,NA,NA,NA,NA,20,18,17,NA,"VII","F"
2,"Crno Vrilo","EN","CV.C.IX.2.39","CV15","CA","R",NA,NA,NA,NA,NA,NA,NA,16,16,"VIII","G"
3,"Crno Vrilo","EN","CV.C.IX.2.41","","OA","R",NA,NA,NA,NA,NA,NA,NA,13,12,"VI","E"
4,"Crno Vrilo","EN","CV.C.IX.2.42","","CA","L",NA,NA,17,NA,NA,NA,13,4,NA,"III","C"
5,"Crno Vrilo","EN","CV.C.V.1.43","CV17","OA","L",NA,NA,20,NA,NA,NA,17,9,NA,"IV","D"
165,"Islam Grčki","MN","IG.A.mix..236","","OC","L",5,7,9,NA,NA,NA,NA,NA,NA,"I","A"
164,"Islam Grčki","MN","IG.A.SJ15.NW.235","","CA","R",NA,NA,21,NA,NA,NA,14,NA,NA,"III","C"
153,"Islam Grčki","MN","IG.A.SJ16B..224","","CA","R",NA,NA,NA,NA,NA,17,13,14,NA,"V","D"
169,"Islam Grčki","MN","IG.A.SJ25.SWX.240","","OC","L",NA,7,11,NA,NA,NA,NA,NA,NA,"I","A"
170,"Islam Grčki","MN","IG.A.SJ25.SWX.241","","OC","R",NA,NA,1,NA,NA,NA,11,NA,NA,"III, IV","C, D"
171,"Islam Grčki","MN","IG.A.SJ25.SWX.242","","OC","R",NA,NA,NA,NA,NA,1,1,1,1,"",""
172,"Islam Grčki","MN","IG.A.SJ25.SWX.243","","OA","L",4,6,5,NA,NA,NA,NA,NA,NA,"I","A"
173,"Islam Grčki","MN","IG.A.SJ25.SWX.244","","OA","L",NA,NA,NA,NA,NA,NA,26,25,20,"XI","I"
174,"Islam Grčki","MN","IG.A.SJ25.SWX.245","","OA","R",NA,NA,20,NA,NA,NA,14,4,NA,"IV","D"
168,"Islam Grčki","MN","IG.A.SJ25_SWX.1.239","IG239","OA","L",NA,NA,NA,NA,NA,20,18,15,15,"VII","F"
166,"Islam Grčki","MN","IG.A.SJ27..237","","OA","R",NA,NA,NA,NA,NA,20,22,17,NA,"IX","G"
167,"Islam Grčki","MN","IG.A.SJ27..238","","OC","R",NA,NA,20,NA,NA,NA,14,4,NA,"IV","D"
175,"Islam Grčki","MN","IG.A.SJ29..246","","OA","R",NA,NA,NA,NA,NA,25,25,22,17,"X","H"
159,"Islam Grčki","MN","IG.A.SJ3..230","","OC","R",NA,NA,NA,NA,NA,NA,18,17,10,"VI","E"
160,"Islam Grčki","MN","IG.A.SJ3..231","","OC","R",NA,NA,NA,NA,1,NA,NA,NA,NA,"",""
161,"Islam Grčki","MN","IG.A.SJ3..232","","CA","L",NA,NA,NA,NA,NA,11,1,13,9,"IV","D"
157,"Islam Grčki","MN","IG.A.SJ32..228","","OC","R",NA,NA,NA,NA,NA,16,1,NA,NA,"V, VI","D, E"
158,"Islam Grčki","MN","IG.A.SJ32..229","","OC","R",NA,NA,NA,NA,NA,NA,NA,NA,NA,"",""
154,"Islam Grčki","MN","IG.A.SJ36.2.225","","OA","L",NA,NA,NA,NA,NA,NA,NA,NA,NA,"",""
141,"Islam Grčki","MN","IG.A.SJ4..211","IG211","CA","L",NA,NA,NA,4,5,7,17,14,7,"IV","D"
156,"Islam Grčki","MN","IG.A.SJ4..227","","OA","R",NA,NA,NA,NA,NA,20,20,17,NA,"VIII","G"
162,"Islam Grčki","MN","IG.A.SJ4..233","IG233","OA","R",NA,NA,NA,NA,NA,17,18,17,16,"VII","F"
155,"Islam Grčki","MN","IG.A.SJ4.2.226","IG226","OA","R",NA,NA,NA,NA,NA,11,17,14,4,"V","D"
163,"Islam Grčki","MN","IG.A.SJ4.2.234","","CA","R",NA,NA,19,NA,NA,NA,11,NA,NA,"III","C"
140,"Islam Grčki","MN","IG.A.SJ4.5/6.210","","CA","R",NA,NA,19,NA,NA,NA,9,NA,NA,"III","C"
142,"Islam Grčki","MN","IG.A.SJ44.1.213","","OA","R",NA,NA,19,NA,NA,NA,NA,NA,NA,"III","C"
143,"Islam Grčki","MN","IG.A.SJ44.1.214","","OA","R",NA,NA,NA,NA,25,25,NA,NA,NA,"XI","I"
151,"Islam Grčki","MN","IG.A.SJ45..222","","OA","L",4,7,11,NA,NA,NA,3,NA,NA,"I","A"
152,"Islam Grčki","MN","IG.A.SJ45..223","","CA","R",NA,NA,11,NA,NA,NA,NA,NA,NA,"I","A"
309,"Islam Grčki","MN","IG.A.SJ47..212","IG212","CA","L",NA,NA,NA,7,7,9,17,17,4,"V","D"
144,"Islam Grčki","MN","IG.A.SJ47..215","","OC","L",NA,NA,NA,NA,25,21,25,NA,NA,"IX","G"
145,"Islam Grčki","MN","IG.A.SJ47..216","","OC","R",NA,NA,NA,NA,NA,NA,NA,NA,NA,"",""
146,"Islam Grčki","MN","IG.A.SJ47..217","","OA","L",NA,NA,NA,4,NA,NA,NA,NA,NA,"IV, V","D"
147,"Islam Grčki","MN","IG.A.SJ47..218","","OA","R",NA,NA,11,4,NA,NA,NA,NA,NA,"I","A"
148,"Islam Grčki","MN","IG.A.SJ47..219","IG219","OA","L",NA,NA,NA,NA,NA,16,17,16,11,"VI","E"
149,"Islam Grčki","MN","IG.A.SJ47..220","","OC","L",NA,NA,NA,NA,NA,NA,NA,NA,9,"IV, V","D, E"
150,"Islam Grčki","MN","IG.A.SJ47..221","","OC","R",NA,NA,NA,NA,NA,NA,25,17,16,"IX","G"
44,"Smilčić","MN","SMI.15...113","","CA","R",NA,NA,NA,NA,NA,20,20,17,18,"VIII","G"
45,"Smilčić","MN","SMI.15...114","","CA","R",NA,NA,NA,7,NA,10,NA,NA,NA,"V","D"
46,"Smilčić","MN","SMI.15...115","","OA","R",NA,NA,NA,NA,NA,16,NA,NA,NA,"V, VI","D, E"
47,"Smilčić","MN","SMI.15...116","","CA","R",NA,NA,NA,NA,NA,16,17,14,NA,"V","D"
48,"Smilčić","MN","SMI.15...117","","CA","R",NA,NA,NA,NA,NA,11,NA,NA,NA,"V","D"
49,"Smilčić","MN","SMI.15...118","","OA","R",NA,NA,NA,NA,NA,17,18,17,NA,"VII","F"
50,"Smilčić","MN","SMI.15...119","","CA","R",NA,NA,NA,NA,NA,16,17,17,NA,"V","D"
51,"Smilčić","MN","SMI.15...120","","OA","R",NA,NA,NA,NA,NA,20,25,18,NA,"IX","G"
52,"Smilčić","MN","SMI.15...121","","CA","R",NA,NA,NA,NA,NA,18,NA,17,10,"VI","E"
53,"Smilčić","MN","SMI.15...122","","OC","L",NA,NA,NA,NA,NA,18,NA,NA,NA,"VII, VIII","F, G"
54,"Smilčić","MN","SMI.15...123","","CA","L",NA,16,16,1,NA,NA,NA,NA,NA,"IV","D"
55,"Smilčić","MN","SMI.15...124","","OC","L",NA,11,14,1,NA,NA,NA,NA,NA,"II","B"
56,"Smilčić","MN","SMI.15...125","","CA","L",NA,NA,NA,NA,NA,1,1,1,NA,"",""
57,"Smilčić","MN","SMI.15...126","","OA","L",NA,NA,NA,NA,NA,22,26,1,1,"X","H"
58,"Smilčić","MN","SMI.15...127","","OC","L",NA,NA,17,NA,NA,NA,12,NA,NA,"IV","D"
59,"Smilčić","MN","SMI.15...128","","OC","L",NA,NA,NA,NA,NA,NA,NA,NA,15,"VI, VII, VIII","E, F, G"
60,"Smilčić","MN","SMI.15...129","","OC","L",NA,NA,17,NA,NA,3,NA,NA,NA,"II, III, IV","B, C, D"
61,"Smilčić","MN","SMI.15...130","SMI130","OC","L",NA,NA,NA,NA,NA,NA,NA,11,NA,"IV","D"
62,"Smilčić","MN","SMI.15...131","","CA","L",NA,NA,NA,NA,NA,20,25,17,17,"IX","G"
63,"Smilčić","MN","SMI.15...132","","OA","L",NA,NA,NA,NA,NA,20,25,17,NA,"IX","G"
212,"Smilčić","EN","SMI.B.M1.21.333","","CA","L",NA,NA,NA,NA,12,10,17,14,NA,"V","D"
213,"Smilčić","EN","SMI.B.M1.21.334","","CA","L",NA,NA,NA,20,24,20,18,17,16,"X","H"
215,"Smilčić","EN","SMI.B.N2.22.338","SMI338","OA","L",NA,NA,NA,NA,NA,20,17,17,16,"VII","F"
214,"Smilčić","EN","SMI.B.N2/M2.22.335","SMI335","OA","L",NA,NA,NA,NA,20,20,17,17,NA,"VII","F"
216,"Smilčić","MN","SMI.C..41.349","","CA","R",NA,20,19,NA,NA,NA,14,11,NA,"IV","D"
231,"Smilčić","MN","SMI.C.O10.41.364","","OA","L",NA,20,17,NA,NA,NA,NA,NA,NA,"IV","D"
232,"Smilčić","MN","SMI.C.O10.41.365","","OC","R",14,16,19,NA,NA,NA,11,NA,NA,"III","C"
233,"Smilčić","MN","SMI.C.O10.41.366","","OC","R",NA,NA,NA,NA,3,1,14,11,NA,"IV","D"
225,"Smilčić","MN","SMI.C.O10.41B.358","","OC","L",NA,NA,NA,NA,NA,NA,NA,NA,17,"VII, VIII, IX, X, XI","F, G, H, I"
226,"Smilčić","MN","SMI.C.O10.41B.359","","OA","L",17,25,19,NA,NA,NA,11,NA,NA,"III","C"
227,"Smilčić","MN","SMI.C.P10.41.360","SMI360","OA","R",NA,NA,NA,NA,20,17,18,17,17,"VII","F"
228,"Smilčić","MN","SMI.C.P10.41.361","","OA","R",NA,NA,NA,1,22,22,25,17,17,"X","H"
229,"Smilčić","MN","SMI.C.P10.41.362","","OC","R",NA,NA,NA,NA,NA,NA,16,9,NA,"IV","D"
230,"Smilčić","MN","SMI.C.P10.41.363","","OC","R",NA,NA,21,NA,NA,NA,17,NA,NA,"IV","D"
222,"Smilčić","MN","SMI.C.P9.41.355","","OC","R",NA,NA,NA,NA,NA,17,NA,NA,NA,"VI, VII, VIII","E, F, G"
223,"Smilčić","MN","SMI.C.P9.41.356","","OC","L",NA,NA,NA,NA,NA,7,17,11,NA,"IV","D"
224,"Smilčić","MN","SMI.C.P9.41.357","","OA","L",NA,NA,NA,10,16,20,18,NA,NA,"VII","F"
218,"Smilčić","MN","SMI.C.P9.41A.351","","CA","L",NA,NA,NA,4,5,7,17,NA,NA,"V","D"
219,"Smilčić","MN","SMI.C.P9.41A.352","","OA","R",12,16,17,NA,NA,NA,10,3,NA,"II","B"
220,"Smilčić","MN","SMI.C.P9.41A.353","","OC","L",NA,NA,17,NA,NA,NA,14,NA,NA,"IV","D"
221,"Smilčić","MN","SMI.C.P9.41A.354","","CA","R",NA,NA,NA,7,17,14,17,17,NA,"V","D"
234,"Smilčić","EN","SMI.D..JAMA_17.403","SMI403","OA","L",NA,NA,NA,NA,NA,20,19,17,NA,"VIII","G"
235,"Smilčić","EN","SMI.D..JAMA_17.404","","OC","L",10,14,19,NA,NA,NA,11,NA,NA,"II","B"
236,"Smilčić","MN","SMI.D.L6.56.405","","OA","L",NA,NA,NA,NA,NA,20,19,17,17,"VIII","G"
237,"Smilčić","MN","SMI.D.L6.56.406","","OC","R",NA,NA,NA,NA,NA,25,25,NA,NA,"XI","I"
238,"Smilčić","MN","SMI.D.L6.56.407","","OC","R",NA,NA,NA,NA,NA,25,25,19,17,"X","H"
239,"Smilčić","MN","SMI.D.L6.56.408","","OA","R",NA,24,19,NA,NA,NA,16,13,NA,"IV","D"
240,"Smilčić","MN","SMI.D.L6.56.409","","OC","R",NA,NA,19,NA,NA,NA,NA,NA,NA,"III, IV","C, D"
241,"Smilčić","MN","SMI.D.L7.56.410","","OA","L",NA,NA,NA,NA,NA,20,NA,18,NA,"IX","G"
242,"Smilčić","MN","SMI.D.L7.56.411","","OC","R",NA,NA,NA,NA,NA,17,20,18,NA,"VIII","G"
243,"Smilčić","EN","SMI.D.M5.54.412","","OC","L",5,12,12,NA,NA,NA,NA,NA,NA,"II","B"
244,"Smilčić","EN","SMI.D.M5.54.413","","OC","L",14,18,19,NA,NA,NA,NA,NA,NA,"III","C"
245,"Smilčić","EN","SMI.D.M5.54.414","","OC","R",NA,NA,NA,NA,NA,16,NA,NA,NA,"V, VI","D, E"
246,"Smilčić","EN","SMI.D.M5.54.415","","OC","R",8,10,12,NA,NA,NA,5,NA,NA,"II","B"
247,"Smilčić","EN","SMI.D.M5.54.416","","OA","R",NA,19,19,NA,NA,NA,7,NA,NA,"II","B"
248,"Smilčić","EN","SMI.D.M5.54.417","","CA","R",NA,17,19,NA,NA,NA,10,4,NA,"III","C"
249,"Smilčić","EN","SMI.D.M5.54.418","","OC","L",NA,NA,1,NA,NA,NA,16,11,NA,"IV","D"
273,"Smilčić","EN","SMI.D.M5/6.58.442","","OA","R",NA,16,16,NA,NA,NA,7,NA,NA,"II","B"
253,"Smilčić","EN","SMI.D.M6.58.422","","OC","R",1,1,19,NA,NA,NA,13,3,NA,"III","C"
254,"Smilčić","EN","SMI.D.M6.58.423","","OC","R",NA,22,20,NA,NA,NA,16,NA,NA,"IV","D"
255,"Smilčić","EN","SMI.D.M6.58.424","","OC","R",NA,10,1,NA,NA,NA,9,NA,NA,"II","B"
256,"Smilčić","EN","SMI.D.M6.58.425","","OA","L",NA,NA,NA,NA,NA,14,NA,NA,NA,"V","D"
257,"Smilčić","EN","SMI.D.M6.58.426","","OA","L",9,14,19,NA,NA,NA,NA,NA,NA,"II","B"
258,"Smilčić","EN","SMI.D.M6.58.427","","OC","L",NA,NA,NA,NA,NA,NA,NA,11,NA,"IV","D"
259,"Smilčić","EN","SMI.D.M6.58.428","","OC","L",12,16,12,NA,NA,NA,7,NA,NA,"II","B"
260,"Smilčić","EN","SMI.D.M6.58.429","","OC","L",NA,22,19,NA,NA,NA,13,NA,NA,"IV","D"
261,"Smilčić","EN","SMI.D.M6.58.430","","OC","L",NA,20,19,NA,NA,NA,NA,NA,NA,"IV","D"
262,"Smilčić","EN","SMI.D.M6.58.431","","OC","L",9,14,19,NA,NA,NA,5,NA,NA,"II","B"
263,"Smilčić","EN","SMI.D.M6.58.432","","OC","L",NA,22,20,NA,NA,NA,11,4,NA,"IV","D"
264,"Smilčić","EN","SMI.D.M6.58.433","","OA","L",10,14,19,NA,NA,NA,11,NA,NA,"II","B"
278,"Smilčić","EN","SMI.D.M6.58A.447","","CA","L",17,17,17,NA,NA,NA,9,NA,NA,"III","C"
279,"Smilčić","EN","SMI.D.M6.58A.448","","CA","L",10,16,17,NA,NA,NA,14,NA,NA,"III","C"
280,"Smilčić","EN","SMI.D.M6.58A.449","","OC","R",NA,NA,NA,NA,NA,NA,1,4,NA,"III","C"
288,"Smilčić","EN","SMI.D.M6.JAMA_17.457","","OA","L",NA,17,18,NA,NA,NA,16,NA,NA,"IV","D"
289,"Smilčić","EN","SMI.D.M6.JAMA_17.458","","OC","L",NA,NA,20,NA,NA,NA,13,10,NA,"IV","D"
290,"Smilčić","EN","SMI.D.M6.JAMA_17.459","","OC","L",NA,20,21,NA,NA,NA,NA,NA,NA,"IV","D"
291,"Smilčić","EN","SMI.D.M6.JAMA_17.460","","OC","R",NA,NA,NA,NA,NA,NA,17,10,NA,"IV","D"
292,"Smilčić","EN","SMI.D.M6.JAMA_17.461","","OC","R",NA,NA,NA,NA,NA,NA,14,4,NA,"IV","D"
293,"Smilčić","EN","SMI.D.M6.JAMA_17.462","","OC","R",NA,20,12,NA,NA,NA,3,NA,NA,"II","B"
294,"Smilčić","EN","SMI.D.M6.JAMA_17.463","","OA","L",14,16,18,NA,NA,NA,NA,NA,NA,"II","B"
250,"Smilčić","MN","SMI.D.M7.56.419","","OC","R",NA,10,13,NA,NA,NA,NA,NA,NA,"I","A"
251,"Smilčić","MN","SMI.D.M7.56.420","","OC","R",NA,14,19,NA,NA,NA,11,NA,NA,"IV","D"
252,"Smilčić","MN","SMI.D.M7.56.421","SMI421","OC","L",NA,NA,NA,NA,NA,NA,17,16,10,"V","D"
277,"Smilčić","MN","SMI.D.M7.56/1.446","","OA","R",NA,NA,NA,NA,NA,26,25,20,18,"X","H"
275,"Smilčić","MN","SMI.D.M7.56A.444","","OC","L",NA,NA,NA,1,1,20,NA,NA,NA,"VIII, IX","G"
276,"Smilčić","MN","SMI.D.M7.56A.445","","OA","R",NA,NA,NA,NA,8,9,17,NA,NA,"V","D"
272,"Smilčić","MN","SMI.D.M8.56.441","","OC","L",1,17,17,NA,NA,NA,NA,NA,NA,"II","B"
274,"Smilčić","EN","SMI.D.N5.50.443","","OA","R",NA,NA,NA,NA,NA,17,19,17,17,"VIII","G"
281,"Smilčić","EN","SMI.D.N6.52.450","","OC","L",NA,NA,NA,NA,NA,NA,17,13,NA,"V","D"
282,"Smilčić","EN","SMI.D.N6.52.451","","OA","L",19,20,19,NA,NA,NA,NA,NA,NA,"III","C"
283,"Smilčić","EN","SMI.D.N6.52.452","","OA","L",NA,NA,NA,NA,6,7,17,14,15,"VI","E"
284,"Smilčić","EN","SMI.D.N6.52.453","","OA","L",NA,NA,NA,7,16,17,17,17,NA,"VI","E"
285,"Smilčić","EN","SMI.D.N6.52.454","SMI454","OC","L",NA,NA,26,NA,NA,NA,17,17,NA,"V","D"
286,"Smilčić","EN","SMI.D.N6.52.455","SMI455","OA","R",NA,NA,NA,NA,NA,17,18,17,NA,"VII","F"
287,"Smilčić","EN","SMI.D.N6.52.456","SMI456","OA","R",NA,NA,NA,5,7,9,17,14,NA,"V","D"
265,"Smilčić","MN","SMI.D.N7.56.434","","OA","R",NA,NA,NA,NA,NA,20,22,NA,17,"IX","G"
266,"Smilčić","MN","SMI.D.N7.56.435","SMI435","OA","R",NA,NA,NA,NA,NA,14,17,13,NA,"V","D"
267,"Smilčić","MN","SMI.D.N7.56.436","","OC","R",12,14,18,NA,NA,NA,7,NA,NA,"II","B"
268,"Smilčić","MN","SMI.D.N7.56.437","","OC","L",NA,17,20,NA,NA,NA,NA,NA,NA,"IV","D"
269,"Smilčić","MN","SMI.D.N7.56.438","","OA","L",NA,NA,NA,NA,NA,20,17,17,12,"VII","F"
270,"Smilčić","MN","SMI.D.N7.56A.439","","OC","R",NA,16,19,NA,NA,NA,16,NA,NA,"IV","D"
271,"Smilčić","MN","SMI.D.N7.56A.440","","OC","L",NA,NA,19,NA,NA,NA,14,4,NA,"III","C"
194,"Zemunik Donji","MN","ZD.KV10.sj42..299","","OC","R",NA,NA,NA,NA,NA,9,NA,NA,NA,"V","D"
1,"Zemunik Donji","MN","ZD.KV10.sj43A..14","ZD10","CA","L",NA,NA,NA,NA,NA,NA,NA,11,NA,"III, IV","C, D"
28,"Zemunik Donji","MN","ZD.KV10.sj43A..16","ZD16","OC","R",NA,NA,NA,NA,NA,NA,NA,16,NA,"V, VI","D, E"
195,"Zemunik Donji","MN","ZD.KV10.sj43A..300","","OC","R",NA,NA,NA,NA,NA,11,NA,NA,NA,"V","D"
196,"Zemunik Donji","MN","ZD.KV10.sj43A..301","","OC","R",NA,NA,17,NA,NA,NA,9,NA,NA,"II","B"
186,"Zemunik Donji","MN","ZD.KV9.sj43A..291","","OA","R",NA,25,16,NA,NA,NA,4,NA,NA,"II","B"
187,"Zemunik Donji","MN","ZD.KV9.sj43A..292","","CA","L",NA,25,17,NA,NA,NA,NA,NA,NA,"III","C"
188,"Zemunik Donji","MN","ZD.KV9.sj43A..293","","CA","R",NA,NA,NA,NA,NA,NA,NA,NA,12,"VII","F"
189,"Zemunik Donji","MN","ZD.KV9.sj43A..294","","OC","L",NA,NA,18,NA,NA,NA,13,3,NA,"IV","D"
190,"Zemunik Donji","MN","ZD.KV9.sj43A..295","","OC","R",NA,NA,12,NA,NA,NA,10,NA,NA,"II","B"
191,"Zemunik Donji","MN","ZD.KV9.sj43A..296","","OA","R",NA,20,19,NA,NA,NA,14,NA,NA,"IV","D"
192,"Zemunik Donji","MN","ZD.KV9.sj43A..297","ZD297","OC","L",NA,NA,NA,NA,NA,NA,NA,16,NA,"V, VI","D, E"
193,"Zemunik Donji","MN","ZD.KV9.sj43A..298","ZD298","CA","L",NA,NA,NA,NA,NA,17,17,17,NA,"VI","E"
10,"Zemunik Donji","MN","ZD.KV9.sj43A..48","ZD11","OA","L",NA,NA,NA,NA,NA,19,17,16,NA,"VII","F"
11,"Zemunik Donji","MN","ZD.KV9.sj43A..49","","OA","L",NA,NA,NA,NA,NA,16,22,17,NA,"IX","G"
12,"Zemunik Donji","MN","ZD.KV9.sj43A..50","","CA","L",NA,NA,1,NA,NA,NA,17,11,NA,"V","D"
13,"Zemunik Donji","MN","ZD.KV9.sj43A..51","","OA","L",NA,NA,NA,NA,NA,20,17,17,NA,"VII","F"
197,"Zemunik Donji","MN","ZD.KV9/8.sj47..302","","OC","R",NA,NA,NA,4,NA,NA,NA,NA,NA,"II, III, IV","B, C, D"
198,"Zemunik Donji","MN","ZD.KV9/8.sj47..303","","OA","R",NA,NA,NA,NA,NA,20,18,NA,NA,"VII","F"
199,"Zemunik Donji","MN","ZD.KV9/8.sj47..304","","CA","L",1,20,19,NA,NA,NA,7,NA,NA,"III","C"
200,"Zemunik Donji","MN","ZD.KV9/8.sj47..305","","OA","L",NA,25,24,NA,NA,NA,17,NA,NA,"IV","D"
201,"Zemunik Donji","MN","ZD.KV9/8.sj47..306","","OC","R",NA,NA,NA,NA,5,10,NA,NA,NA,"V","D"
202,"Zemunik Donji","MN","ZD.KV9/8.sj47..307","","OA","L",NA,20,20,NA,NA,NA,13,3,NA,"III","C"
203,"Zemunik Donji","MN","ZD.KV9/8.sj47..308","","CA","R",NA,NA,NA,NA,NA,16,17,NA,NA,"V","D"
204,"Zemunik Donji","MN","ZD.KV9/8.sj47..309","","OC","L",NA,NA,NA,4,NA,NA,NA,NA,NA,"II, III, IV","B, C, D"
205,"Zemunik Donji","MN","ZD.KV9/8.sj47..310","","CA","L",16,14,19,NA,NA,NA,13,NA,NA,"IV","D"
206,"Zemunik Donji","MN","ZD.KV9/8.sj47..311","","OA","L",NA,NA,NA,NA,NA,20,18,NA,NA,"VII","F"
207,"Zemunik Donji","MN","ZD.KV9/8.sj47..312","","OC","R",17,1,19,NA,NA,NA,NA,NA,NA,"IV","D"
208,"Zemunik Donji","MN","ZD.KV9/8.sj47..313","","OC","R",NA,NA,NA,NA,NA,9,NA,NA,NA,"V","D"
209,"Zemunik Donji","MN","ZD.KV9/8.sj47..314","","OA","R",NA,17,14,NA,NA,NA,NA,NA,NA,"II","B"
210,"Zemunik Donji","MN","ZD.KV9/8.sj47..315","","CA","L",NA,NA,16,NA,NA,NA,4,NA,NA,"II","B"
26,"Zemunik Donji","MN","ZD.KV9/8.sj47..64","ZD13","OA","R",NA,NA,NA,NA,NA,NA,NA,10,10,"V","D"
27,"Zemunik Donji","MN","ZD.KV9/8.sj47..65","ZD14","OA","R",NA,NA,NA,NA,NA,20,18,17,NA,"VII","F"
